Sl.No,State,Constituency,Electors,% Poll,Total Votes,Phase,Poll,Date
1,Andaman & Nicobar Island,Andaman & Nicobar Island,315148,64.1,202018,1,64.1,19-04-2024
2,Arunachal Pradesh,Arunachal East,375310,83.31,312658,1,83.31,19-04-2024
3,Arunachal Pradesh,Arunachal West,517384,73.6,380783,1,73.6,19-04-2024
4,Assam,Dibrugarh,1659588,76.75,1273744,1,76.75,19-04-2024
5,Assam,Jorhat,1727121,79.89,1379749,1,79.89,19-04-2024
6,Assam,Kaziranga,2050126,79.33,1626408,1,79.33,19-04-2024
7,Assam,Lakhimpur,1577234,76.42,1205331,1,76.42,19-04-2024
8,Assam,Sonitpur,1633800,78.46,1281959,1,78.46,19-04-2024
9,Bihar,Aurangabad,1871564,50.35,942382,1,50.35,19-04-2024
10,Bihar,Gaya,1816815,52.76,958623,1,52.76,19-04-2024
11,Bihar,Jamui,1907126,51.25,977369,1,51.25,19-04-2024
12,Bihar,Nawada,2006124,43.17,866102,1,43.17,19-04-2024
13,Chhattisgarh,BASTAR,1472207,68.29,1005392,1,68.29,19-04-2024
14,Jammu and Kashmir,UDHAMPUR,1623195,68.27,1108206,1,68.27,19-04-2024
15,Lakshadweep,Lakshadweep,57784,84.16,48630,1,84.16,19-04-2024
16,Madhya Pradesh,BALAGHAT,1873653,73.45,1376207,1,73.45,19-04-2024
17,Madhya Pradesh,CHHINDWARA,1632190,79.83,1303001,1,79.83,19-04-2024
18,Madhya Pradesh,JABALPUR,1896346,61,1156722,1,61,19-04-2024
19,Madhya Pradesh,MANDLA,2101811,72.84,1530861,1,72.84,19-04-2024
20,Madhya Pradesh,SHAHDOL,1777185,64.68,1149506,1,64.68,19-04-2024
21,Madhya Pradesh,SIDHI,2028451,56.5,1146150,1,56.5,19-04-2024
22,Maharashtra,Bhandara-Gondiya,1617207,71.88,1162476,1,71.88,19-04-2024
23,Maharashtra,Chandrapur,1837906,67.55,1241574,1,67.55,19-04-2024
24,Maharashtra,Gadchiroli - Chimur,1617207,71.88,1162476,1,71.88,19-04-2024
25,Maharashtra,Nagpur,2223281,54.32,1207738,1,54.32,19-04-2024
26,Maharashtra,Ramtek,2049085,61.01,1250190,1,61.01,19-04-2024
27,Manipur Inner Manipur,UDHAMPUR,1623195,68.27,1108206,1,68.27,19-04-2024
28,Manipur Outer Manipur,UDHAMPUR,1623195,68.27,1108206,1,68.27,19-04-2024
29,Meghalaya,Shillong,1400411,73.78,1033251,1,73.78,19-04-2024
30,Meghalaya,Tura,826156,81.37,672284,1,81.37,19-04-2024
31,Mizoram,MIZORAM,856364,56.87,487013,1,56.87,19-04-2024
32,Nagaland,Nagaland,1317536,57.72,760507,1,57.72,19-04-2024
33,Puducherry,PUDUCHERRY,1023699,78.9,807724,1,78.9,19-04-2024
34,Rajasthan,ALWAR,2059888,60.07,1237446,1,60.07,19-04-2024
35,Rajasthan,BHARATPUR,2114916,52.8,1116742,1,52.8,19-04-2024
36,Rajasthan,BIKANER,2048399,54.11,1108418,1,54.11,19-04-2024
37,Rajasthan,CHURU,2213187,63.61,1407716,1,63.61,19-04-2024
38,Rajasthan,DAUSA,1899304,55.72,1058386,1,55.72,19-04-2024
39,Rajasthan,GANGANAGAR,2102002,66.59,1399688,1,66.59,19-04-2024
40,Rajasthan,JAIPUR,2287350,63.38,1449612,1,63.38,19-04-2024
41,Rajasthan,Jaipur Rural,2184978,56.7,1238818,1,56.7,19-04-2024
42,Rajasthan,JHUNJHUNU,2068540,52.93,1094900,1,52.93,19-04-2024
43,Rajasthan,KARAULI-DHOLPUR,1975352,49.59,979618,1,49.59,19-04-2024
44,Rajasthan,NAGAUR,2146725,57.23,1228494,1,57.23,19-04-2024
45,Rajasthan,SIKAR,2214900,57.53,1274270,1,57.53,19-04-2024
46,Sikkim,Sikkim,464140,79.88,370765,1,79.88,19-04-2024
47,Tamil Nadu,ARAKKONAM,1562871,74.19,1159441,1,74.19,19-04-2024
48,Tamil Nadu,ARANI,1496118,75.76,1133520,1,75.76,19-04-2024
49,Tamil Nadu,CHENNAI CENTRAL,1350161,53.96,728614,1,53.96,19-04-2024
50,Tamil Nadu,CHENNAI NORTH,1496224,60.11,899367,1,60.11,19-04-2024
51,Tamil Nadu,CHENNAI SOUTH,2023133,54.17,1096026,1,54.17,19-04-2024
52,Tamil Nadu,CHIDAMBARAM,1519847,76.37,1160762,1,76.37,19-04-2024
53,Tamil Nadu,COIMBATORE,2106124,64.89,1366597,1,64.89,19-04-2024
54,Tamil Nadu,CUDDALORE,1412746,72.57,1025298,1,72.57,19-04-2024
55,Tamil Nadu,DHARMAPURI,1524896,81.2,1238184,1,81.2,19-04-2024
56,Tamil Nadu,DINDIGUL,1607051,71.14,1143196,1,71.14,19-04-2024
57,Tamil Nadu,ERODE,1538778,70.59,1086287,1,70.59,19-04-2024
58,Tamil Nadu,KALLAKURICHI,1568681,79.21,1242597,1,79.21,19-04-2024
59,Tamil Nadu,KANCHEEPURAM,1748866,71.68,1253582,1,71.68,19-04-2024
60,Tamil Nadu,KANNIYAKUMARI,1557915,65.44,1019532,1,65.44,19-04-2024
61,Tamil Nadu,KARUR,1429790,78.7,1125241,1,78.7,19-04-2024
62,Tamil Nadu,KRISHNAGIRI,1623179,71.5,1160498,1,71.5,19-04-2024
63,Tamil Nadu,MADURAI,1582271,62.04,981650,1,62.04,19-04-2024
64,Tamil Nadu,MAYILADUTHURAI,1545568,70.09,1083243,1,70.09,19-04-2024
65,Tamil Nadu,NAGAPATTINAM,1345120,71.94,967694,1,71.94,19-04-2024
66,Tamil Nadu,NAMAKKAL,1452562,78.21,1136069,1,78.21,19-04-2024
67,Tamil Nadu,NILGIRIS,1428387,70.95,1013410,1,70.95,19-04-2024
68,Tamil Nadu,PERAMBALUR,1446352,77.43,1119881,1,77.43,19-04-2024
69,Tamil Nadu,POLLACHI,1597467,70.41,1124743,1,70.41,19-04-2024
70,Tamil Nadu,RAMANATHAPURAM,1617688,68.19,1103036,1,68.19,19-04-2024
71,Tamil Nadu,SALEM,1658681,78.16,1296481,1,78.16,19-04-2024
72,Tamil Nadu,SIVAGANGA,1633857,64.26,1049887,1,64.26,19-04-2024
73,Tamil Nadu,SRIPERUMBUDUR,2382119,60.25,1435243,1,60.25,19-04-2024
74,Tamil Nadu,TENKASI,1525439,67.65,1031961,1,67.65,19-04-2024
75,Tamil Nadu,THANJAVUR,1501226,68.27,1024949,1,68.27,19-04-2024
76,Tamil Nadu,THENI,1622949,69.84,1133513,1,69.84,19-04-2024
77,Tamil Nadu,THOOTHUKKUDI,1458430,66.88,975468,1,66.88,19-04-2024
78,Tamil Nadu,TIRUCHIRAPPALLI,1553985,67.51,1049093,1,67.51,19-04-2024
79,Tamil Nadu,TIRUNELVELI,1654503,64.1,1060461,1,64.1,19-04-2024
80,Tamil Nadu,TIRUPPUR,1608521,70.62,1135998,1,70.62,19-04-2024
81,Tamil Nadu,TIRUVALLUR,2085991,68.59,1430738,1,68.59,19-04-2024
82,Tamil Nadu,TIRUVANNAMALAI,1533099,74.24,1138102,1,74.24,19-04-2024
83,Tamil Nadu,VELLORE,1528273,73.53,1123715,1,73.53,19-04-2024
84,Tamil Nadu,VILUPPURAM,1503115,76.52,1150164,1,76.52,19-04-2024
85,Tamil Nadu,VIRUDHUNAGAR,1501942,70.22,1054634,1,70.22,19-04-2024
86,Tripura,Tripura West,1463526,81.48,1192435,1,81.48,19-04-2024
87,Uttar Pradesh,Bijnor,1738307,58.73,1020947,1,58.73,19-04-2024
88,Uttar Pradesh,Kairana,1722432,62.46,1075839,1,62.46,19-04-2024
89,Uttar Pradesh,Moradabad,2059578,62.18,1280706,1,62.18,19-04-2024
90,Uttar Pradesh,Muzaffarnagar,1817472,59.13,1074608,1,59.13,19-04-2024
91,Uttar Pradesh,Nagina,1644909,60.75,999203,1,60.75,19-04-2024
92,Uttar Pradesh,Pilibhit,1831699,63.11,1155917,1,63.11,19-04-2024
93,Uttar Pradesh,Rampur,1731836,55.85,967200,1,55.85,19-04-2024
94,Uttar Pradesh,Saharanpur,1855310,66.14,1227083,1,66.14,19-04-2024
95,Uttarakhand,Almora,1339327,48.74,652726,1,48.74,19-04-2024
96,Uttarakhand,Garhwal,1369388,52.42,717834,1,52.42,19-04-2024
97,Uttarakhand,Haridwar,2035726,63.53,1293362,1,63.53,19-04-2024
98,Uttarakhand,Nainital-Udhamsingh Nagar,2015809,62.47,1259180,1,62.47,19-04-2024
99,Uttarakhand,Tehri Garhwal,1577664,53.76,848186,1,53.76,19-04-2024
100,West Bengal,Alipurduars,1773252,79.76,1414258,1,79.76,19-04-2024
101,West Bengal,Coochbehar,1966893,82.16,1616079,1,82.16,19-04-2024
102,West Bengal,Jalpaiguri,1885963,83.66,1577828,1,83.66,19-04-2024
103,Assam,Darrang-Udalguri,2209314,82.01,1811764,2,82.01,26-04-2024
104,Assam,Diphu,901032,75.74,682441,2,75.74,26-04-2024
105,Assam,Karimganj,1412148,80.48,1136538,2,80.48,26-04-2024
106,Assam,Nagaon,1817204,84.97,1544081,2,84.97,26-04-2024
107,Assam,Silchar,1369578,79.05,1082616,2,79.05,26-04-2024
108,Bihar,Banka,1856566,54.48,1011513,2,54.48,26-04-2024
109,Bihar,Bhagalpur,1983031,53.5,1060982,2,53.5,26-04-2024
110,Bihar,Katihar,1833009,63.76,1168752,2,63.76,26-04-2024
111,Bihar,Kishanganj,1829994,62.84,1149988,2,62.84,26-04-2024
112,Bihar,Purnia,1893698,63.08,1194484,2,63.08,26-04-2024
113,Chhattisgarh,KANKER,1654440,76.23,1261103,2,76.23,26-04-2024
114,Chhattisgarh,MAHASAMUND,1762477,75.02,1322125,2,75.02,26-04-2024
115,Chhattisgarh,RAJNANDGAON,1868021,77.42,1446247,2,77.42,26-04-2024
116,Jammu and Kashmir,JAMMU,1780835,72.22,1286144,2,72.22,26-04-2024
117,Karnataka,Bangalore central,2433751,54.06,1315612,2,54.06,26-04-2024
118,Karnataka,Bangalore North,3214496,54.45,1750372,2,54.45,26-04-2024
119,Karnataka,Bangalore Rural,2802580,68.3,1914030,2,68.3,26-04-2024
120,Karnataka,Bangalore South,2341759,53.17,1245168,2,53.17,26-04-2024
121,Karnataka,Chamarajanagar,1778310,76.82,1366015,2,76.82,26-04-2024
122,Karnataka,Chikkballapur,1981347,77,1525718,2,77,26-04-2024
123,Karnataka,Chitradurga,1856876,73.3,1361031,2,73.3,26-04-2024
124,Karnataka,Dakshina Kannada,1817603,77.56,1409653,2,77.56,26-04-2024
125,Karnataka,Hassan,1736610,77.68,1348966,2,77.68,26-04-2024
126,Karnataka,Kolar,1726914,78.27,1351646,2,78.27,26-04-2024
127,Karnataka,Mandya,1779243,81.67,1453060,2,81.67,26-04-2024
128,Karnataka,Mysore,2092222,70.62,1477576,2,70.62,26-04-2024
129,Karnataka,Tumkur,1661309,78.05,1296720,2,78.05,26-04-2024
130,Karnataka,Udupi Chikmagalur,1585162,77.15,1222888,2,77.15,26-04-2024
131,Kerala,Alappuzha,1400082,75.05,1050726,2,75.05,26-04-2024
132,Kerala,Alathur,1337496,73.42,981945,2,73.42,26-04-2024
133,Kerala,Attingal,1396807,69.48,970517,2,69.48,26-04-2024
134,Kerala,Chalakudy,1310529,71.94,942787,2,71.94,26-04-2024
135,Kerala,Ernakulam,1324047,68.29,904131,2,68.29,26-04-2024
136,Kerala,Idukki,1250157,66.55,831936,2,66.55,26-04-2024
137,Kerala,Kannur,1358368,77.21,1048839,2,77.21,26-04-2024
138,Kerala,Kasaragod,1452230,76.04,1104331,2,76.04,26-04-2024
139,Kerala,Kollam,1326648,68.15,904047,2,68.15,26-04-2024
140,Kerala,Kottayam,1254823,65.61,823237,2,65.61,26-04-2024
141,Kerala,Kozhikode,1429631,75.52,1079683,2,75.52,26-04-2024
142,Kerala,Malappuram,1479921,72.95,1079547,2,72.95,26-04-2024
143,Kerala,Mavelikkara,1331880,65.95,878360,2,65.95,26-04-2024
144,Kerala,Palakkad,1398143,73.57,1028627,2,73.57,26-04-2024
145,Kerala,Pathanamthitta,1429700,63.37,906051,2,63.37,26-04-2024
146,Kerala,Ponnani,1470804,69.34,1019889,2,69.34,26-04-2024
147,Kerala,Thiruvananthapuram,1430531,66.47,950829,2,66.47,26-04-2024
148,Kerala,Thrissur,1483055,72.9,1081125,2,72.9,26-04-2024
149,Kerala,Vadakara,1421883,78.41,1114950,2,78.41,26-04-2024
150,Kerala,Wayanad,1462423,73.57,1075921,2,73.57,26-04-2024
151,Madhya Pradesh,DAMOH,1925314,56.48,1087455,2,56.48,26-04-2024
152,Madhya Pradesh,HOSHANGABAD,1855692,67.21,1247298,2,67.21,26-04-2024
153,Madhya Pradesh,KHAJURAHO,1997483,56.97,1137867,2,56.97,26-04-2024
154,Madhya Pradesh,REWA,1852126,49.43,915444,2,49.43,26-04-2024
155,Madhya Pradesh,SATNA,1705260,61.94,1056175,2,61.94,26-04-2024
156,Madhya Pradesh,TIKAMGARH,1826585,60,1096023,2,60,26-04-2024
157,Maharashtra,Akola,1890814,61.79,1168366,2,61.79,26-04-2024
158,Maharashtra,Amravati,1836078,63.67,1169121,2,63.67,26-04-2024
159,Maharashtra,Buldhana,1782700,62.03,1105761,2,62.03,26-04-2024
160,Maharashtra,Hingoli,1817734,63.54,1154958,2,63.54,26-04-2024
161,Maharashtra,Nanded,1851843,60.94,1128564,2,60.94,26-04-2024
162,Maharashtra,Parbhani,2123056,62.26,1321868,2,62.26,26-04-2024
163,Maharashtra,Wardha,1682771,64.85,1091351,2,64.85,26-04-2024
164,Maharashtra,Yavatmal- Washim,1940916,62.87,1220189,2,62.87,26-04-2024
165,Manipur,Outer Manipur,484949,85.11,412737,2,85.11,26-04-2024
166,Rajasthan,AJMER,1995699,59.66,1190561,2,59.66,26-04-2024
167,Rajasthan,BANSWARA,2200438,73.88,1625731,2,73.88,26-04-2024
168,Rajasthan,BARMER,2206237,75.93,1675276,2,75.93,26-04-2024
169,Rajasthan,BHILWARA,2147159,60.37,1296228,2,60.37,26-04-2024
170,Rajasthan,CHITTORGARH,2170167,68.61,1488898,2,68.61,26-04-2024
171,Rajasthan,JALORE,2297328,62.89,1444866,2,62.89,26-04-2024
172,Rajasthan,JHALAWAR-BARANÂ ,2030525,69.71,1415420,2,69.71,26-04-2024
173,Rajasthan,JODHPUR,2132713,64.27,1370616,2,64.27,26-04-2024
174,Rajasthan,KOTA,2088023,71.26,1487879,2,71.26,26-04-2024
175,Rajasthan,PALI,2343232,57.19,1339989,2,57.19,26-04-2024
176,Rajasthan,RAJSAMAND,2060942,58.39,1203299,2,58.39,26-04-2024
177,Rajasthan,TONK-SAWAI MADHOPUR,2148128,56.58,1215309,2,56.58,26-04-2024
178,Rajasthan,UDAIPUR,2230971,66.66,1487268,2,66.66,26-04-2024
179,Tripura,Tripura East,1396761,80.36,1122424,2,80.36,26-04-2024
180,Uttar Pradesh,Aligarh,1997234,56.93,1137051,2,56.93,26-04-2024
181,Uttar Pradesh,Amroha,1716641,64.58,1108579,2,64.58,26-04-2024
182,Uttar Pradesh,Baghpat,1653146,56.16,928392,2,56.16,26-04-2024
183,Uttar Pradesh,Bulandshahr,1859462,56.42,1049189,2,56.42,26-04-2024
184,Uttar Pradesh,Gautam Buddha Nagar,2675148,53.63,1434667,2,53.63,26-04-2024
185,Uttar Pradesh,Ghaziabad,2945487,49.88,1469260,2,49.88,26-04-2024
186,Uttar Pradesh,Mathura,929550,49.41,953388,2,49.41,26-04-2024
187,Uttar Pradesh,Meerut,3000530,58.94,1179121,2,58.94,26-04-2024
188,West Bengal,Balurghat,1561966,79.09,1235347,2,79.09,26-04-2024
189,West Bengal,Darjelling,1765744,74.76,1320072,2,74.76,26-04-2024
190,West Bengal,Raiganj,1790245,76.18,1363854,2,76.18,26-04-2024
191,Assam,Barpeta,1966847,85.24,1676633,3,85.24,07-05-2024
192,Assam,Dhubri,2660827,92.08,2450041,3,92.08,07-05-2024
193,Assam,Guwahati,2036846,78.39,1596664,3,78.39,07-05-2024
194,Assam,Kokrajhar,1484571,83.55,1240306,3,83.55,07-05-2024
195,Bihar,Araria,2018767,61.93,1250261,3,61.93,07-05-2024
196,Bihar,Jhanjharpur,2003040,54.48,1091258,3,54.48,07-05-2024
197,Bihar,Khagaria,1840217,57.52,1058539,3,57.52,07-05-2024
198,Bihar,Madhepura,2071166,58.29,1207368,3,58.29,07-05-2024
199,Bihar,Supaul,1927207,63.55,1224821,3,63.55,07-05-2024
200,Chhattisgarh,BILASPUR,2102687,64.77,1361871,3,64.77,07-05-2024
201,Chhattisgarh,DURG,2090414,73.68,1540193,3,73.68,07-05-2024
202,Chhattisgarh,JANJGIR-CHAMPA,2056047,67.56,1389012,3,67.56,07-05-2024
203,Chhattisgarh,KORBA,1618864,75.63,1224268,3,75.63,07-05-2024
204,Chhattisgarh,RAIGARH,1838547,78.85,1449673,3,78.85,07-05-2024
205,Chhattisgarh,RAIPUR,2375379,66.82,1587116,3,66.82,07-05-2024
206,Chhattisgarh,SURGUJA,1819347,79.89,1453444,3,79.89,07-05-2024
207,Dadra & Nagar Haveli and Daman & Diu,Dadar & Nagar Haveli,283024,72.52,205248,3,72.52,07-05-2024
208,Dadra & Nagar Haveli and Daman & Diu,Daman & Diu,134189,68.77,92279,3,68.77,07-05-2024
209,Goa,North Goa,580577,77.69,451042,3,77.69,07-05-2024
210,Goa,South Goa,598767,74.47,445916,3,74.47,07-05-2024
211,Gujarat,Ahmedabad East,2038162,54.72,1115317,3,54.72,07-05-2024
212,Gujarat,Ahmedabad West,1726987,55.45,957573,3,55.45,07-05-2024
213,Gujarat,Amreli,1732810,50.29,871373,3,50.29,07-05-2024
214,Gujarat,Anand,1780182,65.04,1157763,3,65.04,07-05-2024
215,Gujarat,Banaskantha,1961924,69.62,1365989,3,69.62,07-05-2024
216,Gujarat,Bardoli,2048408,64.81,1327669,3,64.81,07-05-2024
217,Gujarat,Bharuch,1723353,69.16,1191877,3,69.16,07-05-2024
218,Gujarat,Bhavnagar,1916900,53.92,1033629,3,53.92,07-05-2024
219,Gujarat,Chhota Udaipur,1821708,69.15,1259760,3,69.15,07-05-2024
220,Gujarat,Dahod,1875136,59.31,1112211,3,59.31,07-05-2024
221,Gujarat,Gandhinagar,2182736,59.8,1305197,3,59.8,07-05-2024
222,Gujarat,Jamnagar,1817864,57.67,1048410,3,57.67,07-05-2024
223,Gujarat,Junagadh,1795110,58.91,1057462,3,58.91,07-05-2024
224,Gujarat,Kachchh,1943136,56.14,1090878,3,56.14,07-05-2024
225,Gujarat,Kheda,2007404,58.12,1166619,3,58.12,07-05-2024
226,Gujarat,Mahesana,1770617,59.86,1059938,3,59.86,07-05-2024
227,Gujarat,Navsari,2223550,59.66,1326542,3,59.66,07-05-2024
228,Gujarat,Panchmahal,1896743,58.85,1116171,3,58.85,07-05-2024
229,Gujarat,Patan,2019916,58.56,1182950,3,58.56,07-05-2024
230,Gujarat,Porbandar,1768212,51.83,916519,3,51.83,07-05-2024
231,Gujarat,Rajkot,2112273,59.69,1260768,3,59.69,07-05-2024
232,Gujarat,Sabarkantha,1976349,63.56,1256210,3,63.56,07-05-2024
233,Gujarat,Surendranagar,2033419,55.09,1120128,3,55.09,07-05-2024
234,Gujarat,Vadodara,1949573,61.59,1200768,3,61.59,07-05-2024
235,Gujarat,Valsad,1859974,72.71,1352413,3,72.71,07-05-2024
236,Karnataka,Bagalkot,1806183,72.66,1312319,3,72.66,07-05-2024
237,Karnataka,Belgaum,1923788,71.49,1375283,3,71.49,07-05-2024
238,Karnataka,Bellary,1884040,73.59,1386553,3,73.59,07-05-2024
239,Karnataka,Bidar,1892962,65.47,1239358,3,65.47,07-05-2024
240,Karnataka,Bijapur,1946090,66.32,1290719,3,66.32,07-05-2024
241,Karnataka,Chikkodi,1761694,78.66,1385688,3,78.66,07-05-2024
242,Karnataka,Davanagere,1709244,76.99,1315916,3,76.99,07-05-2024
243,Karnataka,Dharwad,1831975,74.37,1362421,3,74.37,07-05-2024
244,Karnataka,Gulbarga,2098202,62.25,1306119,3,62.25,07-05-2024
245,Karnataka,Haveri,1792774,77.6,1391214,3,77.6,07-05-2024
246,Karnataka,Koppal,1866397,70.99,1324898,3,70.99,07-05-2024
247,Karnataka,Raichur,2010103,64.66,1299806,3,64.66,07-05-2024
248,Karnataka,Shimoga,1752885,78.33,1372949,3,78.33,07-05-2024
249,Karnataka,Uttara Kannada,1641156,76.53,1256027,3,76.53,07-05-2024
250,Madhya Pradesh,BETUL,1895331,73.53,1393608,3,73.53,07-05-2024
251,Madhya Pradesh,BHIND,1900654,54.93,1044022,3,54.93,07-05-2024
252,Madhya Pradesh,BHOPAL,2339411,64.06,1498626,3,64.06,07-05-2024
253,Madhya Pradesh,GUNA,1889551,72.43,1368554,3,72.43,07-05-2024
254,Madhya Pradesh,GWALIOR,2154601,62.13,1338708,3,62.13,07-05-2024
255,Madhya Pradesh,MORENA,2006730,58.97,1183282,3,58.97,07-05-2024
256,Madhya Pradesh,RAJGARH,1875211,76.04,1425911,3,76.04,07-05-2024
257,Madhya Pradesh,SAGAR,1745690,65.75,1147866,3,65.75,07-05-2024
258,Madhya Pradesh,VIDISHA,1945404,74.48,1449010,3,74.48,07-05-2024
259,Maharashtra,Baramati,2372668,59.5,1411621,3,59.5,07-05-2024
260,Maharashtra,Hatkanangale,1814277,71.11,1290073,3,71.11,07-05-2024
261,Maharashtra,Kolhapur,1936403,71.59,1386230,3,71.59,07-05-2024
262,Maharashtra,Latur,1977042,62.59,1237355,3,62.59,07-05-2024
263,Maharashtra,Madha,1991454,63.65,1267530,3,63.65,07-05-2024
264,Maharashtra,Osmanabad,1992737,63.88,1272969,3,63.88,07-05-2024
265,Maharashtra,Raigad,1668372,60.51,1009567,3,60.51,07-05-2024
266,Maharashtra,Ratnagiri Sindhudurg,1451630,62.52,907618,3,62.52,07-05-2024
267,Maharashtra,Sangli,1868174,62.27,1163353,3,62.27,07-05-2024
268,Maharashtra,Satara,1889740,63.16,1193492,3,63.16,07-05-2024
269,Maharashtra,Solapur,2030119,59.19,1201586,3,59.19,07-05-2024
270,Uttar Pradesh,Agra,2072685,54.08,1120864,3,54.08,07-05-2024
271,Uttar Pradesh,Aonla,1891713,57.44,1086687,3,57.44,07-05-2024
272,Uttar Pradesh,Badaun,2008758,54.35,1091697,3,54.35,07-05-2024
273,Uttar Pradesh,Bareilly,1924434,58.03,1116749,3,58.03,07-05-2024
274,Uttar Pradesh,Etah,1700524,59.31,1008533,3,59.31,07-05-2024
275,Uttar Pradesh,Fatehpur Sikri,1798823,57.19,1028791,3,57.19,07-05-2024
276,Uttar Pradesh,Firozabad,1890772,58.53,1106747,3,58.53,07-05-2024
277,Uttar Pradesh,Hathras,1938080,55.71,1079731,3,55.71,07-05-2024
278,Uttar Pradesh,Mainpuri,1790797,58.73,1051758,3,58.73,07-05-2024
279,Uttar Pradesh,Sambhal,1898202,62.91,1194209,3,62.91,07-05-2024
280,West Bengal,Jangipur,1805360,75.72,1367014,3,75.72,07-05-2024
281,West Bengal,Maldaha Dakshin,1782159,76.69,1366728,3,76.69,07-05-2024
282,West Bengal,Maldaha Uttar,1862035,76.03,1415718,3,76.03,07-05-2024
283,West Bengal,Murshidabad,1888097,81.52,1539112,3,81.52,07-05-2024
284,Andhra Pradesh,Amalapuram,1531410,83.85,1284018,4,83.85,13-05-2024
285,Andhra Pradesh,Anakapalle,1596916,82.03,1309977,4,82.03,13-05-2024
286,Andhra Pradesh,Ananthapur,1767591,80.51,1423108,4,80.51,13-05-2024
287,Andhra Pradesh,Araku,1554633,73.68,1145426,4,73.68,13-05-2024
288,Andhra Pradesh,Bapatla,1506354,85.48,1287704,4,85.48,13-05-2024
289,Andhra Pradesh,Chittoor,1640202,85.77,1406880,4,85.77,13-05-2024
290,Andhra Pradesh,Eluru,1637430,83.68,1370153,4,83.68,13-05-2024
291,Andhra Pradesh,Guntur,1791543,78.81,1411989,4,78.81,13-05-2024
292,Andhra Pradesh,Hindupur,1656775,84.7,1403259,4,84.7,13-05-2024
293,Andhra Pradesh,Kadapa,1639066,79.57,1304256,4,79.57,13-05-2024
294,Andhra Pradesh,Kakinada,1634122,80.3,1312255,4,80.3,13-05-2024
295,Andhra Pradesh,Kurnoolu,1722857,76.8,1323071,4,76.8,13-05-2024
296,Andhra Pradesh,Machilipatnam,1539460,84.05,1293935,4,84.05,13-05-2024
297,Andhra Pradesh,Nandyal,1721013,80.61,1387367,4,80.61,13-05-2024
298,Andhra Pradesh,Narsapuram,1472923,82.59,1216550,4,82.59,13-05-2024
299,Andhra Pradesh,Narsaraopet,1734858,85.65,1485909,4,85.65,13-05-2024
300,Andhra Pradesh,Nellore,1712274,79.05,1353563,4,79.05,13-05-2024
301,Andhra Pradesh,Ongole,1607832,87.06,1399707,4,87.06,13-05-2024
302,Andhra Pradesh,Rajahmundry,1623149,80.93,1313630,4,80.93,13-05-2024
303,Andhra Pradesh,Rajampet,1665702,79.09,1317448,4,79.09,13-05-2024
304,Andhra Pradesh,Srikakulam,1631174,74.43,1214128,4,74.43,13-05-2024
305,Andhra Pradesh,Thirupathi(SC),1729832,79.1,1368362,4,79.1,13-05-2024
306,Andhra Pradesh,Vijayawada,1704077,79.37,1352495,4,79.37,13-05-2024
307,Andhra Pradesh,Visakhapatnam,1927303,71.11,1370484,4,71.11,13-05-2024
308,Andhra Pradesh,Vizianagaram,1585206,81.05,1284886,4,81.05,13-05-2024
309,Bihar,Begusarai,2196089,58.7,1289076,4,58.7,13-05-2024
310,Bihar,Darbhanga,1781356,57.37,1021962,4,57.37,13-05-2024
311,Bihar,Munger,2042279,55.55,1134548,4,55.55,13-05-2024
312,Bihar,Samastipur,1818530,60.11,1093182,4,60.11,13-05-2024
313,Bihar,Ujiarpur,1745408,59.59,1040026,4,59.59,13-05-2024
314,Jammu and Kashmir,SRINAGAR,1747810,38.49,672653,4,38.49,13-05-2024
315,Jharkhand,Khunti,1326138,69.93,927422,4,69.93,13-05-2024
316,Jharkhand,Lohardaga,1441302,66.45,957690,4,66.45,13-05-2024
317,Jharkhand,Palamau,2243034,61.27,1374358,4,61.27,13-05-2024
318,Jharkhand,Singhbhum,1447562,69.32,1003482,4,69.32,13-05-2024
319,Madhya Pradesh,DEWAS,1940472,75.48,1464690,4,75.48,13-05-2024
320,Madhya Pradesh,DHAR,1953834,72.76,1421585,4,72.76,13-05-2024
321,Madhya Pradesh,INDORE,2526803,61.67,1558341,4,61.67,13-05-2024
322,Madhya Pradesh,KHANDWA,2112203,71.52,1510588,4,71.52,13-05-2024
323,Madhya Pradesh,KHARGONE,2046030,76.03,1555585,4,76.03,13-05-2024
324,Madhya Pradesh,MANDSOUR,1898060,75.27,1428623,4,75.27,13-05-2024
325,Madhya Pradesh,RATLAM,2094548,72.94,1527828,4,72.94,13-05-2024
326,Madhya Pradesh,UJJAIN,1798704,73.82,1327715,4,73.82,13-05-2024
327,Maharashtra,Ahmednagar,1981866,66.61,1320168,4,66.61,13-05-2024
328,Maharashtra,Aurangabad,2059710,63.03,1298227,4,63.03,13-05-2024
329,Maharashtra,Beed,2142547,70.92,1519526,4,70.92,13-05-2024
330,Maharashtra,Jalgaon,1994046,58.47,1165968,4,58.47,13-05-2024
331,Maharashtra,Jalna,1967574,69.18,1361226,4,69.18,13-05-2024
332,Maharashtra,Maval,2585018,54.87,1418439,4,54.87,13-05-2024
333,Maharashtra,Nandurbar,1970327,70.68,1392635,4,70.68,13-05-2024
334,Maharashtra,Pune,2061276,53.54,1103678,4,53.54,13-05-2024
335,Maharashtra,Raver,1821750,64.28,1170944,4,64.28,13-05-2024
336,Maharashtra,Shirdi,1677335,63.03,1057298,4,63.03,13-05-2024
337,Maharashtra,Shirur,2539702,54.16,1375593,4,54.16,13-05-2024
338,Odisha,Berhampur,1591380,65.41,1040924,4,65.41,13-05-2024
339,Odisha,Kalahandi,1700780,77.9,1324936,4,77.9,13-05-2024
340,Odisha,Koraput,1480922,77.53,1148182,4,77.53,13-05-2024
341,Odisha,Nabarangpur,1514140,82.16,1243957,4,82.16,13-05-2024
342,Telangana,Adilabad,1650175,74.03,1221553,4,74.03,13-05-2024
343,Telangana,Bhongir,1808585,76.78,1388680,4,76.78,13-05-2024
344,Telangana,Chevella,2938370,56.4,1657107,4,56.4,13-05-2024
345,Telangana,Hyderabad,2217094,48.48,1074827,4,48.48,13-05-2024
346,Telangana,Karimnagar,1797150,72.54,1303690,4,72.54,13-05-2024
347,Telangana,Khammam,1631039,76.09,1241135,4,76.09,13-05-2024
348,Telangana,Mahabubabad,1532366,71.85,1101030,4,71.85,13-05-2024
349,Telangana,Mahbubnagar,1682470,72.43,1218587,4,72.43,13-05-2024
350,Telangana,Malkajgiri,3779596,50.78,1919131,4,50.78,13-05-2024
351,Telangana,Medak,1828210,75.09,1372894,4,75.09,13-05-2024
352,Telangana,Nagarkurnool,1738254,69.46,1207470,4,69.46,13-05-2024
353,Telangana,Nalgonda,1725465,74.02,1277137,4,74.02,13-05-2024
354,Telangana,Nizamabad,1704867,71.92,1226133,4,71.92,13-05-2024
355,Telangana,Peddapalle,1596430,67.87,1083467,4,67.87,13-05-2024
356,Telangana,Secunderabad,2120401,49.04,1039834,4,49.04,13-05-2024
357,Telangana,Warangal,1824466,68.86,1256301,4,68.86,13-05-2024
358,Telangana,Zahirabad,1641410,74.63,1225049,4,74.63,13-05-2024
359,Uttar Pradesh,Akbarpur,1869167,57.78,1079978,4,57.78,13-05-2024
360,Uttar Pradesh,Baharaich,1838684,57.42,1055818,4,57.42,13-05-2024
361,Uttar Pradesh,Dhaurahra,1719345,64.54,1109680,4,64.54,13-05-2024
362,Uttar Pradesh,Etawah,1828498,56.36,1030554,4,56.36,13-05-2024
363,Uttar Pradesh,Farrukhabad,1747182,59.08,1032244,4,59.08,13-05-2024
364,Uttar Pradesh,Hardoi,1910485,57.52,1098820,4,57.52,13-05-2024
365,Uttar Pradesh,Kannauj,1988925,61.08,1214886,4,61.08,13-05-2024
366,Uttar Pradesh,Kanpur,1662859,53.05,882074,4,53.05,13-05-2024
367,Uttar Pradesh,Kheri,1870170,64.68,1209621,4,64.68,13-05-2024
368,Uttar Pradesh,Misrikh,1878195,55.89,1049630,4,55.89,13-05-2024
369,Uttar Pradesh,Shahjahanpur,2331834,53.36,1244364,4,53.36,13-05-2024
370,Uttar Pradesh,Sitapur,1759943,62.54,1100741,4,62.54,13-05-2024
371,Uttar Pradesh,Unnao,2341740,55.46,1298677,4,55.46,13-05-2024
372,West Bengal,Asansol,1770281,73.27,1297096,4,73.27,13-05-2024
373,West Bengal,Baharampur,1783078,77.54,1382678,4,77.54,13-05-2024
374,West Bengal,Bardhaman-Purba,1801333,82.85,1492453,4,82.85,13-05-2024
375,West Bengal,Bardhaman-Durgapur,1851780,80.72,1494778,4,80.72,13-05-2024
376,West Bengal,Birbhum,1857022,81.91,1521023,4,81.91,13-05-2024
377,West Bengal,Bolpur,1839234,82.66,1520401,4,82.66,13-05-2024
378,West Bengal,Krishnanagar,1755631,80.65,1415859,4,80.65,13-05-2024
379,West Bengal,Ranaghat,1871658,81.87,1532304,4,81.87,13-05-2024
380,Bihar,Hajipur,1967094,58.43,1149406,5,58.43,20-05-2024
381,Bihar,Madhubani,1934980,53.04,1026408,5,53.04,20-05-2024
382,Bihar,Muzaffarpur,1866106,59.47,1109688,5,59.47,20-05-2024
383,Bihar,Saran,1795010,56.73,1018366,5,56.73,20-05-2024
384,Bihar,Sitamarhi,1947996,56.21,1094885,5,56.21,20-05-2024
385,Jammu and Kashmir,BARAMULLA,1737865,59.1,1027084,5,59.1,20-05-2024
386,Jharkhand,Chatra,1689926,63.69,1076352,5,63.69,20-05-2024
387,Jharkhand,Hazaribagh,1939374,64.39,1248798,5,64.39,20-05-2024
388,Jharkhand,Kodarma,2205318,61.81,1363010,5,61.81,20-05-2024
389,Ladakh,Ladakh,184808,71.82,132727,5,71.82,20-05-2024
390,Maharashtra,Bhiwandi,2087244,59.89,1250090,5,59.89,20-05-2024
391,Maharashtra,Dhule,2022061,60.21,1217523,5,60.21,20-05-2024
392,Maharashtra,Dindori,1853387,66.75,1237180,5,66.75,20-05-2024
393,Maharashtra,Kalyan,2082221,50.12,1043610,5,50.12,20-05-2024
394,Maharashtra,Mumbai North,1811942,57.02,1033241,5,57.02,20-05-2024
395,Maharashtra,Mumbai Central,1744128,51.98,906530,5,51.98,20-05-2024
396,Maharashtra,Mumbai East,1636890,56.37,922760,5,56.37,20-05-2024
397,Maharashtra,Mumbai West,1735088,54.84,951580,5,54.84,20-05-2024
398,Maharashtra,Mumbai South,1536168,50.06,769010,5,50.06,20-05-2024
399,Maharashtra,Mumbai South Central,1474405,53.6,790339,5,53.6,20-05-2024
400,Maharashtra,Nashik,2030124,60.75,1233379,5,60.75,20-05-2024
401,Maharashtra,Palghar,2148514,63.91,1373162,5,63.91,20-05-2024
402,Maharashtra,Thane,2507372,52.09,1306194,5,52.09,20-05-2024
403,Odisha,Aska,1620974,62.67,1015883,5,62.67,20-05-2024
404,Odisha,Bargarh,1631974,79.78,1302069,5,79.78,20-05-2024
405,Odisha,Bolangir,1801744,77.52,1396719,5,77.52,20-05-2024
406,Odisha,Kandhamal,1339090,74.16,993091,5,74.16,20-05-2024
407,Odisha,Sundargarh,1576105,73.02,1150875,5,73.02,20-05-2024
408,Uttar Pradesh,Amethi,1796098,54.34,976053,5,54.34,20-05-2024
409,Uttar Pradesh,Banda,1747425,59.7,1043256,5,59.7,20-05-2024
410,Uttar Pradesh,Barabanki,1918491,67.2,1289258,5,67.2,20-05-2024
411,Uttar Pradesh,Faizabad,1927459,59.14,1139882,5,59.14,20-05-2024
412,Uttar Pradesh,Fatehpur,1938563,57.09,1106690,5,57.09,20-05-2024
413,Uttar Pradesh,Gonda,1843121,51.62,951394,5,51.62,20-05-2024
414,Uttar Pradesh,Hamirpur,1839761,60.6,1114874,5,60.6,20-05-2024
415,Uttar Pradesh,Jalaun,2006161,56.18,1127112,5,56.18,20-05-2024
416,Uttar Pradesh,Jhansi,2161221,63.86,1380214,5,63.86,20-05-2024
417,Uttar Pradesh,Kaiserganj,1904726,55.68,1060576,5,55.68,20-05-2024
418,Uttar Pradesh,Kaushambi,1909620,52.8,1008255,5,52.8,20-05-2024
419,Uttar Pradesh,Lucknow,2172171,52.28,1135624,5,52.28,20-05-2024
420,Uttar Pradesh,Mohanlalganj,2187232,62.88,1375372,5,62.88,20-05-2024
421,Uttar Pradesh,Rae Bareli,1784314,58.12,1036997,5,58.12,20-05-2024
422,West Bengal,Arambagh,1883266,82.62,1555882,5,82.62,20-05-2024
423,West Bengal,Bangaon,1836374,81.04,1488209,5,81.04,20-05-2024
424,West Bengal,Barrackpur,1508728,75.41,1137763,5,75.41,20-05-2024
425,West Bengal,Hooghly,1858067,81.38,1512060,5,81.38,20-05-2024
426,West Bengal,Howrah,1769184,71.73,1269079,5,71.73,20-05-2024
427,West Bengal,Srerampur,1926645,76.44,1472793,5,76.44,20-05-2024
428,West Bengal,Uluberia,1741438,79.78,1389316,5,79.78,20-05-2024
429,Bihar,Gopalganj,2024673,52.32,1059298,6,52.32,25-05-2024
430,Bihar,Maharajganj,1934937,52.27,1011421,6,52.27,25-05-2024
431,Bihar,Paschim Champaran,1756078,61.62,1082178,6,61.62,25-05-2024
432,Bihar,Purvi Champaran,1790761,59.68,1068642,6,59.68,25-05-2024
433,Bihar,Sheohar,1832745,57.4,1052021,6,57.4,25-05-2024
434,Bihar,Siwan,1896512,52.49,995416,6,52.49,25-05-2024
435,Bihar,Vaishali,1869178,62.59,1170009,6,62.59,25-05-2024
436,Bihar,Valmiki Nagar,1827281,60.19,1099781,6,60.19,25-05-2024
437,Haryana,AMBALA,1996708,67.34,1344503,6,67.34,25-05-2024
438,Haryana,BHIWANIMAHENDRAGARH,1793029,65.39,1172526,6,65.39,25-05-2024
439,Haryana,FARIDABAD,2430212,60.52,1470649,6,60.52,25-05-2024
440,Haryana,GURGAON,2573411,62.03,1596240,6,62.03,25-05-2024
441,Haryana,HISAR,1790722,65.27,1168784,6,65.27,25-05-2024
442,Haryana,KARNAL,2104229,63.74,1341174,6,63.74,25-05-2024
443,Haryana,KURUKSHETRA,1794300,67.01,1202401,6,67.01,25-05-2024
444,Haryana,ROHTAK,1889844,65.68,1241201,6,65.68,25-05-2024
445,Haryana,SIRSA,1937689,69.77,1351932,6,69.77,25-05-2024
446,Haryana,SONIPAT,1766624,63.44,1120791,6,63.44,25-05-2024
447,Jammu and Kashmir,ANANTNAG-RAJOURI,1836576,55.4,1017451,6,55.4,25-05-2024
448,Jharkhand,Dhanbad,2285237,62.06,1418264,6,62.06,25-05-2024
449,Jharkhand,Giridih,1864660,67.23,1253553,6,67.23,25-05-2024
450,Jharkhand,Jamshedpur,1869278,67.68,1265169,6,67.68,25-05-2024
451,Jharkhand,Ranchi,2197331,65.36,1436127,6,65.36,25-05-2024
452,Delhi,Chandni Chowk,1645958,58.6,964503,6,58.6,25-05-2024
453,Delhi,East Delhi,2120584,59.51,1261988,6,59.51,25-05-2024
454,Delhi,New Delhi,1525071,55.43,845285,6,55.43,25-05-2024
455,Delhi,North-East Delhi,2463159,62.89,1549202,6,62.89,25-05-2024
456,Delhi,North-West Delhi,2567423,57.85,1485378,6,57.85,25-05-2024
457,Delhi,South Delhi,2291764,56.45,1293598,6,56.45,25-05-2024
458,Delhi,West Delhi,2587977,58.79,1521541,6,58.79,25-05-2024
459,Odisha,Bhubaneswar,1672774,64.49,1078810,6,64.49,25-05-2024
460,Odisha,Cuttack,1571622,71.2,1118918,6,71.2,25-05-2024
461,Odisha,Dhenkanal,1529785,78.01,1193460,6,78.01,25-05-2024
462,Odisha,Keonjhar,1588179,78.97,1254163,6,78.97,25-05-2024
463,Odisha,Puri,1586465,75.43,1196684,6,75.43,25-05-2024
464,Odisha,Sambalpur,1499728,79.5,1192226,6,79.5,25-05-2024
465,Uttar Pradesh,Allahabad,1825730,51.82,946076,6,51.82,25-05-2024
466,Uttar Pradesh,Ambedkar Nagar,1911297,61.58,1176920,6,61.58,25-05-2024
467,Uttar Pradesh,Azamgarh,1868165,56.16,1049205,6,56.16,25-05-2024
468,Uttar Pradesh,Basti,1902898,56.67,1078313,6,56.67,25-05-2024
469,Uttar Pradesh,Bhadohi,2037925,53.07,1081465,6,53.07,25-05-2024
470,Uttar Pradesh,Domariyaganj,1961845,51.97,1019548,6,51.97,25-05-2024
471,Uttar Pradesh,Jaunpur,1977237,55.59,1099223,6,55.59,25-05-2024
472,Uttar Pradesh,Lalganj,1838882,54.38,1000053,6,54.38,25-05-2024
473,Uttar Pradesh,Machhlishahr,1940605,54.49,1057361,6,54.49,25-05-2024
474,Uttar Pradesh,Phulpur,2067043,48.91,101099,6,48.91,25-05-2024
475,Uttar Pradesh,Pratapgarh,1833312,51.45,943245,6,51.45,25-05-2024
476,Uttar Pradesh,Sant Kabir Nagar,2071964,52.57,1089154,6,52.57,25-05-2024
477,Uttar Pradesh,Shrawasti,1980381,52.83,1046253,6,52.83,25-05-2024
478,Uttar Pradesh,Sultanpur,1852590,55.63,103583,6,55.63,25-05-2024
479,West Bengal,Bankura,1780580,80.75,1437826,6,80.75,25-05-2024
480,West Bengal,Bishnupur,1754268,85.91,1507040,6,85.91,25-05-2024
481,West Bengal,Ghatal,1939945,82.17,1593990,6,82.17,25-05-2024
482,West Bengal,Jhargram,1779794,83.47,1485591,6,83.47,25-05-2024
483,West Bengal,Kanthi,1794537,84.77,1521159,6,84.77,25-05-2024
484,West Bengal,Medinipur,1811243,81.56,147739,6,81.56,25-05-2024
485,West Bengal,Purulia,1823120,78.39,1429190,6,78.39,25-05-2024
486,West Bengal,Tamluk,1850741,84.79,1569233,6,84.79,25-05-2024
487,Bihar,Arrah,2165574,50.27,1088634,7,50.27,01-06-2024
488,Bihar,Buxar,1923164,55.39,1065241,7,55.39,01-06-2024
489,Bihar,Jahanabad,1670327,55.09,920183,7,55.09,01-06-2024
490,Bihar,Karakat,1881191,54.68,1028635,7,54.68,01-06-2024
491,Bihar,Nalanda,2288240,49.78,1139086,7,49.78,01-06-2024
492,Bihar,Pataliputra,2073685,0.5924,1228451,7,59.24,01-06-2024
493,Bihar,Patna Sahib,2292045,0.4685,1073823,7,46.85,01-06-2024
494,Bihar,Sasaram,1910368,0.5716,1091966,7,57.16,01-06-2024
495,Chandigarh,Chandigarh,659805,0.6798,448535,7,67.98,01-06-2024
496,Himachal Pradesh,Hamirpur,1432636,0.7156,1025194,7,71.56,01-06-2024
497,Himachal Pradesh,Kangra,1502514,0.6789,1020057,7,67.89,01-06-2024
498,Himachal Pradesh,Mandi,1364060,0.7315,997810,7,73.15,01-06-2024
499,Himachal Pradesh,Shimla,1346369,0.7126,959423,7,71.26,01-06-2024
500,Jharkhand,Dumka,1590161,0.7387,1174652,7,73.87,01-06-2024
501,Jharkhand,Godda,2028154,0.6863,1391922,7,68.63,01-06-2024
502,Jharkhand,Rajmahal,1704671,0.7078,1206566,7,70.78,01-06-2024
503,Odisha,Balasore,1608014,0.7677,1234472,7,76.77,01-06-2024
504,Odisha,Bhadrak,1770915,0.7323,1296841,7,73.23,01-06-2024
505,Odisha,Jagatsinghpur,1700814,0.7548,1283774,7,75.48,01-06-2024
506,Odisha,Jajpur,1545664,0.7447,1151056,7,74.47,01-06-2024
507,Odisha,Kendrapara,1792723,0.7122,1276777,7,71.22,01-06-2024
508,Odisha,Mayurbhanj,1542927,0.7579,1169384,7,75.79,01-06-2024
509,Punjab,Amritsar,1611263,0.5606,903274,7,56.06,01-06-2024
510,Punjab,Anandpur Sahib,1732211,0.6198,1073624,7,61.98,01-06-2024
511,Punjab,Bathinda,1651188,0.6936,1145264,7,69.36,01-06-2024
512,Punjab,Faridkot,1594033,0.6334,1009661,7,63.34,01-06-2024
513,Punjab,Fatehgarh Sahib,1552567,0.6253,970820,7,62.53,01-06-2024
514,Punjab,Firozpur,1670008,0.6702,1119239,7,67.02,01-06-2024
515,Uttar Pradesh,Bansgaon,1820854,0.5179,943020,7,51.79,01-06-2024
516,Uttar Pradesh,Chandauli,1843196,0.6058,1116608,7,60.58,01-06-2024
517,Uttar Pradesh,Deoria,1873821,0.5551,1040158,7,55.51,01-06-2024
518,Uttar Pradesh,Ghazipur,2074883,0.5545,1150523,7,55.45,01-06-2024
519,Uttar Pradesh,Ghosi,2083928,0.5505,1147202,7,55.05,01-06-2024
520,Uttar Pradesh,Gorakhpur,2097202,0.5493,1151993,7,54.93,01-06-2024
521,Uttar Pradesh,Kushi Nagar,1875222,0.5757,1079565,7,57.57,01-06-2024
522,Uttar Pradesh,Maharajganj,2004050,0.6031,1208643,7,60.31,01-06-2024
523,Uttar Pradesh,Mirzapur,1906327,0.5792,1104145,7,57.92,01-06-2024
524,Uttar Pradesh,Robertsganj,1779189,0.5678,1010224,7,56.78,01-06-2024
525,Uttar Pradesh,Salempur,1776982,0.5138,913013,7,51.38,01-06-2024
526,Uttar Pradesh,Varanasi,1997578,0.5649,1128432,7,56.49,01-06-2024
527,West Bengal,Barasat,1905400,0.8018,1527750,7,80.18,01-06-2024
528,West Bengal,Basirhat,1804261,0.8431,1521172,7,84.31,01-06-2024
529,West Bengal,Diamond harbour,1880779,0.8104,1524183,7,81.04,01-06-2024
530,West Bengal,Dum dum,1699656,0.7381,1254516,7,73.81,01-06-2024
531,West Bengal,Jadavpur,2033525,0.7668,1559307,7,76.68,01-06-2024
532,West Bengal,Joynagar,1844780,0.8008,1477300,7,80.08,01-06-2024
533,West Bengal,Kolkata Dakshin,1849520,0.6695,1238254,7,66.95,01-06-2024
534,West Bengal,Kolkata Uttar,1505356,0.6359,957256,7,63.59,01-06-2024
535,West Bengal,Mathurapur,1817068,0.8202,1490359,7,82.02,01-06-2024
536,Punjab,Gurudaspur,1605204,0.6667,1070190,7,66.67,01-06-2024
537,Punjab,Hoshiarpur,1601826,0.5886,942835,7,58.86,01-06-2024
538,Punjab,Jalandhar,1654005,0.597,987441,7,59.7,01-06-2024
539,Punjab,Khadoor Sahib,1667797,0.6255,1043207,7,62.55,01-06-2024
540,Punjab,Ludhiana,1758614,0.6012,1057279,7,60.12,01-06-2024
541,Punjab,Patiala,1806424,0.6363,1149428,7,63.63,01-06-2024
542,Punjab,Sangrur,1556601,0.6463,1006031,7,64.63,01-06-2024
